"fixed acidity","volatile acidity","citric acid","residual sugar","chlorides","free sulfur dioxide","total sulfur dioxide","density","pH","sulphates","alcohol","quality"
7.1,0.875,0.05,5.7,0.082,3,14,0.99808,3.4,0.52,10.2,3
8.5,0.4,0.4,6.3,0.05,3,10,0.99566,3.28,0.56,12,4
7.5,0.4,0.18,1.6,0.079,24,58,0.9965,3.34,0.58,9.4,5
6.7,0.46,0.24,1.7,0.077,18,34,0.9948,3.39,0.6,10.6,6
7.3,0.34,0.33,2.5,0.064,21,37,0.9952,3.35,0.77,12.1,7
7.4,0.36,0.3,1.8,0.074,17,24,0.99419,3.24,0.7,11.4,8
